"SecureBio","[Publication] Deep metatranscriptomic sequencing data of wastewater from Los Angeles, USA, 2023–2024 — Grimm et al. (2026), Nature Scientific Data","https://www.nature.com/articles/s41597-025-06475-7","2026","EXCLUDED - no findings","Wastewater metatranscriptomic data descriptor (biosurveillance); no qualifying AI-evaluation finding.","","2026-08-01","agent"
"SecureBio","[Publication] Virology Capabilities Test (VCT): A Multimodal Virology Q&A Benchmark — Götting et al. (2025)","https://www.virologytest.ai/","2025","INCLUDED","SecureBio benchmark (virologytest.ai redirects to securebio.org) reporting empirical accuracy of specific LLMs on virology wet-lab troubleshooting; empirical model + methodology findings. Maps to VCT.","SECUREBIO-2025-04","2026-08-01","agent"
"SecureBio","[Publication] Untargeted longitudinal ultra deep metagenomic sequencing of wastewater provides a comprehensive readout of expected and unexpected viral pathogens — Rushford et al. (2025), medRxiv","https://www.medrxiv.org/content/10.1101/2025.10.27.25338874v1","2025-10-27","EXCLUDED - no findings","Wet-lab wastewater metagenomics study (biosurveillance); no AI-evaluation finding.","","2026-08-01","agent"
"SecureBio","[Publication] Inferring the sensitivity of wastewater metagenomic sequencing for early detection of viruses: a statistical modelling study — Grimm et al. (2025), The Lancet Microbe","https://www.thelancet.com/journals/lanmic/article/PIIS2666-5247(25)00115-6/fulltext","2025","EXCLUDED - no findings","Statistical modelling of wastewater sequencing sensitivity (biosurveillance); no AI-evaluation finding.","","2026-08-01","agent"
"SecureBio","[Publication] METAGENE-1: Metagenomic Foundation Model for Pandemic Monitoring — Liu et al. (2025), arXiv","https://arxiv.org/abs/2501.02045","2025-01","EXCLUDED - no findings","Genomics foundation-model development paper (USC/Prime Intellect-led, NAO co-author); benchmarks its own biosurveillance model, not a safety evaluation of a third-party AI system; no qualifying finding.","","2026-08-01","agent"
"SecureBio","[Publication] Indoor air sampling for detection of viral nucleic acids — Justen et al. (2025), Journal of Aerosol Science","https://doi.org/10.1016/j.jaerosci.2025.106549","2025","EXCLUDED - no findings","Aerosol/air-sampling wet-lab method study (biosurveillance); no AI-evaluation finding.","","2026-08-01","agent"
"SecureBio","[Publication] Comparing sampling strategies for early detection of stealth biothreats — Bradshaw W, Grimm S (2024), Nucleic Acid Observatory","https://naobservatory.org/reports/comparing-sampling-strategies-for-early-detection-of-stealth-biothreats/","2024","EXCLUDED - no findings","Biosurveillance sampling-strategy analysis (NAO); no AI-evaluation finding.","","2026-08-01","agent"
"SecureBio","[Publication] SecureBio Recommendations for AI and Biosecurity Under NIST's E.O. 14110 RFI — Jeyapragasan, Gopal, Esvelt (2024)","https://cms.securebio.org/content/2024-NIST-RFI.pdf","2024","EXCLUDED - no findings","Policy recommendations / RFI response (forward-looking recommendations); contains no evidence-backed finding per §1.0.","","2026-08-01","agent"
"SecureBio","[Publication] Predicting Virus Relative Abundance in Wastewater — Kaufman et al. (2023), Nucleic Acid Observatory","https://naobservatory.org/reports/predicting-virus-relative-abundance-in-wastewater/","2023","EXCLUDED - no findings","Wastewater virus-abundance modelling (biosurveillance); no AI-evaluation finding.","","2026-08-01","agent"
"SecureBio","[Publication] Virus-like DNA tracers for characterizing wastewater-based pathogen monitoring systems — Gopal et al. (2023), bioRxiv","https://doi.org/10.1101/2023.12.24.573197","2023-12-24","EXCLUDED - no findings","Wet-lab DNA-tracer method for wastewater monitoring (biosurveillance); no AI-evaluation finding.","","2026-08-01","agent"
"SecureBio","[Publication] Will releasing the weights of future large language models grant widespread access to pandemic agents? — Gopal et al. (2023), arXiv","https://arxiv.org/abs/2310.18233","2023-10","INCLUDED","SecureBio-authored (Gopal, Esvelt et al.) red-team of Llama-2-70B base vs safeguard-removed 'Spicy' version; empirical finding that removing safeguards yielded near-complete uplift toward obtaining 1918 influenza — empirical model/safeguard finding.","","2026-08-01","agent"
"SecureBio","[Publication] Securing Civilisation Against Catastrophic Pandemics — Gopal et al. (2023), Geneva Centre for Security Policy","https://www.gcsp.ch/publications/securing-civilisation-against-catastrophic-pandemics","2023","EXCLUDED - no findings","Policy/strategy report with recommendations; no evidence-backed AI-evaluation finding.","","2026-08-01","agent"
"SecureBio","[Publication] Assessing the safety of new germicidal far-UVC technologies — Görlitz et al. (2023), Photochemistry & Photobiology","https://doi.org/10.1111/php.13866","2023","EXCLUDED - no findings","Far-UVC lamp safety wet-lab study (biosecurity hardware); no AI-evaluation finding.","","2026-08-01","agent"
"SecureBio","[Publication] Can large language models democratize access to dual-use biotechnology? — Soice et al. (2023), arXiv","https://arxiv.org/abs/2306.03809","2023-06","INCLUDED","SecureBio/Esvelt-authored MIT-class exercise showing chatbot LLMs supplied pandemic-pathogen acquisition pathways to non-experts within an hour; empirical model-capability/safeguard finding.","","2026-08-01","agent"
"SecureBio","[Publication] Broadening the Spectrum: The Role of Germicidal UV in ASHRAE's Control of Infectious Aerosols Standard — Justen et al. (2023)","https://cms.securebio.org/content/2023-ASHRAE-UV-Public-Comment.pdf","2023","EXCLUDED - no findings","Public comment on an ASHRAE standard (policy input, recommendations); no AI-evaluation finding.","","2026-08-01","agent"
"SecureBio","[Publication] Analysis of the first genetic engineering attribution challenge — Crook et al. (2022), Nature Communications 13:7374","https://www.nature.com/articles/s41467-022-35032-8","2022","INCLUDED","Co-authored by in-scope evaluators (Esvelt, Bradshaw, Alley); empirical findings on ML model performance for genetic-engineering attribution (top teams +10pp top-1/top-10 accuracy; CNN-based vs NN-free approaches) — methodology/model findings.","","2026-08-01","agent"
"SecureBio","[Publication] Insidious Insights: Implications of viral vector engineering for pathogen enhancement — Sandbrink et al. (2022), Gene Therapy","https://doi.org/10.1038/s41434-021-00312-3","2022","EXCLUDED - no findings","Viral-vector engineering biosafety review; no AI-evaluation finding.","","2026-08-01","agent"
"SecureBio","[Publication] A Global Nucleic Acid Observatory for Biodefense and Planetary Health — NAO Consortium (2021), arXiv","https://doi.org/10.48550/arXiv.2108.02678","2021-08","EXCLUDED - no findings","Proposal/vision for a biosurveillance observatory (forward-looking plan); no evidence-backed AI-evaluation finding.","","2026-08-01","agent"
